,created_at,username,tweet_id,text,favorite_count,retweet_count,lang
0,Tue Jun 14 04:13:27 +0000 2022,2536luis,1536562435833749508,"RT @2536luis: Wow, testing stations

See for yourself üëÄ 

#Shanghai #China #COVID19 #Quarantine #Lockdown #Beijing #Omicron https://t.co/HQ‚Ä¶",0,2,en
1,Tue Jun 14 04:13:44 +0000 2022,2536luis,1536562509406081024,"RT @2536luis: If you tested positive, you will be directly sent off to a Covid camp

No choice

As you see, they are waiting at a railroad‚Ä¶",0,2,en
2,Tue Jun 14 04:46:44 +0000 2022,50Dirham,1536570812047704064,COVID-19 RNA Based Vaccines and the Risk of Prion Disease. Creutzfeldt-Jakob disease https://t.co/zeBmKdZtr1,0,0,en
3,Tue Jun 14 04:47:44 +0000 2022,9I3vrw37ELenh6d,1536571064351793152,"RT @billboard: Mick Jagger took a test ‚Äúafter experiencing symptoms of COVID upon arrival at the stadium,‚Äù according to a statement from Th‚Ä¶",0,81,en
4,Tue Jun 14 04:20:02 +0000 2022,APPRISE_CRE,1536564091724222466,"How should an Australian ‚Äòcentre for disease control‚Äô prepare us for the next #pandemic?

Sydney Institute for Infe‚Ä¶ https://t.co/lc5PnN59D3",0,0,en
5,Tue Jun 14 04:27:09 +0000 2022,ARkstormPrepper,1536565883509911552,Two Old Men Too Old To Die by Ron Foster https://t.co/yFQ92kbtcT via @amazon #pandemic #prepper #grid#down #survival,1,0,en
6,Tue Jun 14 04:10:59 +0000 2022,ARkstormPrepper,1536561816071032834,Road To Nowhere: Pandemic Pandemonium (Senior Survival Book 3) by Ron Foster https://t.co/ldv2j2ELE4 via @amazon‚Ä¶ https://t.co/3CmXEzpMyV,0,1,en
7,Tue Jun 14 04:47:42 +0000 2022,AbhiGhos,1536571055753547782,"RT @Yash25571056: The current COVID-19 viruses are neurotropic.

Every infected person will probably experience a progressive weakness to a‚Ä¶",0,2041,en
8,Tue Jun 14 04:52:37 +0000 2022,Agrawal_Raj,1536572292037169152,"[Automated]

#COVID #Maharashtra data. As on : 13 Jun 2022, 08:00 IST

Cases: 7,910,577
Active: 16,370
Deaths: 147,‚Ä¶ https://t.co/jFyUby2QLi",0,0,en
9,Tue Jun 14 04:52:38 +0000 2022,Agrawal_Raj,1536572297599139840,"[Automated]

#COVID India data. As on : 13 Jun 2022, 08:00 IST

Cases: 43,230,101(+8,084)
Active: 47,995(-3,482)
De‚Ä¶ https://t.co/8u6c6zI82B",0,0,en
10,Tue Jun 14 04:46:46 +0000 2022,AlBSure52460293,1536570820067196928,RT @CNN: Moderna‚Äôs Covid-19 vaccine is safe and generated an immune response in children ages 6 months through 17 years that‚Äôs comparable t‚Ä¶,0,104,en
11,Tue Jun 14 04:45:55 +0000 2022,AlephsMom,1536570606711296000,"RT @RepDavids: Today, I tested positive for COVID-19. I'm going to follow CDC guidance and isolate at home for the next few days. 

I look‚Ä¶",0,62,en
12,Tue Jun 14 04:45:41 +0000 2022,Allan_Qiao,1536570550444732416,RT @michelle_monje: We found the same histological pattern of white matter-selective microglial reactivity in the brains of people with #CO‚Ä¶,0,83,en
13,Tue Jun 14 03:48:39 +0000 2022,Amna25502103,1536556193568759809,RT @zargi22: The ùêìùêÆùê´ùê§ùê¢ùê¨ùê° people woke up one night for real ùêÖùê´ùêûùêûùêùùê®ùê¶ And to this day they sleeps peacefully We too must wake up for ùêëùêûùêöùê• ùêÖùê´ùêûùêû‚Ä¶,0,908,en
14,Fri Jun 10 14:51:30 +0000 2022,AnnieNoah6,1535273456140529664,"It was more difficult apparently, especially when you consider long distance communication, messengers need to trav‚Ä¶ https://t.co/tvy4avUbh0",7,0,en
15,Fri Jun 10 13:15:02 +0000 2022,AnnieNoah6,1535249180117065728,The importance of #social media on communication can't be overemphasized. Now you can long distance communication w‚Ä¶ https://t.co/aVc8TIZVE9,8,0,en
16,Tue Jun 14 04:43:26 +0000 2022,BaronianConsult,1536569980426366976,"RT @CellCellPress: Online now! Mild respiratory COVID can cause multi-lineage neural cell and myelin dysregulation
https://t.co/mdhRN4fH7U‚Ä¶",0,21,en
17,Tue Jun 14 05:00:20 +0000 2022,BhardaManoj,1536574235115593729,RT @mansukhmandviya: Met with @UN Assistant Secretary-General &amp; @UNDPAsiaPac Regional Director @KanniWignaraja and @UNDP_India Rep @ShokoNo‚Ä¶,0,98,en
18,Tue Jun 14 04:05:15 +0000 2022,BizNewsJobs,1536560372228014080,"RT @governancenow: #hospitalityindustry and #security environment
IPS officer @PraveenDixitIPS writes how we can project the country as #In‚Ä¶",0,1,en
19,Tue Jun 14 04:53:12 +0000 2022,Bob_Loblaw1970,1536572439869546497,"RT @TheArchitect420: Dear @JustinTrudeau,

Is it illegal for anyone to enter Canada while infected with COVID-19?

Asking for 38 million Ca‚Ä¶",0,4,en
20,Tue Jun 14 04:51:19 +0000 2022,Bob_Loblaw1970,1536571967494422528,"RT @FBNHistory: Rothschilds Patented The Covid-19 Biometric Tests in 2015 and 2017.

Both were filed &amp; updated years ago, but were SCHEDULE‚Ä¶",0,3585,en
21,Tue Jun 14 03:54:03 +0000 2022,CHIEFITme,1536557554398109696,@corelsoftware has acquired Awingu for an undisclosed amount. Awingu will become a part of the Parallels brand port‚Ä¶ https://t.co/vH1Zoa4guE,0,0,en
22,Tue Jun 14 05:00:15 +0000 2022,CRCAudio,1536574212365754368,"üì£ New Podcast! ""Tackling Google in a Digital Age Part 1"" on @Spreaker #advertising #ai #digital #digitalmarketing‚Ä¶ https://t.co/3nHnpD7WkY",0,0,en
23,Tue Jun 14 04:17:19 +0000 2022,Cami60Savi,1536563409180688384,"RT @USMortality: üî• BREAKING: üá®üá¶ Canadian government will finally drop the inhumane, unscientific and discriminatory vaccine mandate for dom‚Ä¶",0,27,en
24,Tue Jun 14 04:46:56 +0000 2022,Captaincadets,1536570861691449344,"RT @PaulMitchell_AB: Breaking News...

The Liberal government's official mouthpiece CBC: ""The federal government is set to announce Tuesday‚Ä¶",0,26,en
25,Tue Jun 14 04:22:07 +0000 2022,CarmenS45679267,1536564615953498113,"RT @USMortality: üî• BREAKING: üá®üá¶ Canadian government will finally drop the inhumane, unscientific and discriminatory vaccine mandate for dom‚Ä¶",0,27,en
26,Tue Jun 14 04:53:08 +0000 2022,ChrisAChalifoux,1536572423926992897,"RT @Quicktake: Canadian PM Trudeau tested positive for Covid-19 after returning from the Summit of the Americas in Los Angeles, where he me‚Ä¶",0,29,en
27,Tue Jun 14 04:41:00 +0000 2022,Chrisleenders1,1536569369836363776,"RT @USMortality: üî• BREAKING: üá®üá¶ Canadian government will finally drop the inhumane, unscientific and discriminatory vaccine mandate for dom‚Ä¶",0,27,en
28,Tue Jun 14 04:55:49 +0000 2022,Concert_People,1536573099931406336,"RT @Jumping_Jack_: MICK JAGGER tested positive on #Corona a few hours before the #gig began :SAD SAD SAD @MickJagger 
@lucasjagger https://‚Ä¶",0,12,en
29,Tue Jun 14 04:46:01 +0000 2022,DiabetesAsiaOrg,1536570631181193216,"Kids Under-five May Get Access to #COVID19 -19 Vaccine - Diabetes Asia #health  Magazine https://t.co/PZpU74g8Rk
ho‚Ä¶ https://t.co/VAVPCik2zG",0,0,en
30,Tue Jun 14 04:43:47 +0000 2022,DynamiteNews_,1536570070209597442,"COVID-19: India reports 6,594 new cases; daily positivity reduces to 2.05 pre cent 
#COVID19 #coronavirus 
https://t.co/HfPRIcUk9f",0,0,en
31,Tue Jun 14 04:57:47 +0000 2022,Effective_Insti,1536573592766488576,"RT @CPHO_Canada: Get the latest info and updates on #COVID19 on the https://t.co/yXjxcUxgjW #coronavirus disease website, including links t‚Ä¶",0,20,en
32,Tue Jun 14 04:51:24 +0000 2022,ElBLogan,1536571988394749953,"RT @kc_jordan: A recent study found that ‚Äúuniversal health care could have saved more than 338,000 lives from COVID-19 alone‚Äù in the United‚Ä¶",0,5,en
33,Tue Jun 14 04:51:25 +0000 2022,Ensor77,1536571989556887553,"I think the passive and optimistic attitude of the government caused the mess of COVID-19 prevention. So, this issu‚Ä¶ https://t.co/qqNqaYEogv",0,0,en
34,Tue Jun 14 04:53:19 +0000 2022,Fajry_FAA,1536572467845939200,"2020: Pandemi COVID-19
2022: Crypto &amp; start-up kolaps 

LORD N.N. TALEB !! https://t.co/ThxzHRRJUq",0,0,en
35,Tue Jun 14 05:00:01 +0000 2022,FinancialXpress,1536574153452507136,The West Bengal CM's key adviser has urged the Union finance minister to prolong the #GST compensation to states fo‚Ä¶ https://t.co/gFs7uLCEm5,0,1,en
36,Tue Jun 14 04:56:28 +0000 2022,FrauHolle2701,1536573263744225280,"RT @USMortality: üî• BREAKING: üá®üá¶ Canadian government will finally drop the inhumane, unscientific and discriminatory vaccine mandate for dom‚Ä¶",0,34,en
37,Tue Jun 14 04:55:35 +0000 2022,FussbudgetVntge,1536573040380755968,"RT @heychica: It's my #birthday today and a strange one during this #pandemic. If anyone see this and would like to send birthday wishes, r‚Ä¶",0,1497,en
38,Tue Jun 14 04:51:25 +0000 2022,GippsLabor,1536571989603020800,"RT @AlboMP: The Queen's Birthday 2022 Honours recipients represent the best of Australia. It‚Äôs been a tough few years with floods, fires an‚Ä¶",0,226,en
39,Tue Jun 14 04:36:47 +0000 2022,GoodSvejk,1536568308304052227,"RT @USMortality: üî• BREAKING: üá®üá¶ Canadian government will finally drop the inhumane, unscientific and discriminatory vaccine mandate for dom‚Ä¶",0,27,en
40,Tue Jun 14 04:47:02 +0000 2022,H5ppi1y,1536570887209635840,"RT @grantstern: Trump didn‚Äôt even have a one-part plan for fighting Covid-19, but he had a SEVEN-PART PLAN to overturn an election he knew‚Ä¶",0,11935,en
41,Tue Jun 14 04:43:00 +0000 2022,HW4AllCoalition,1536569872712454145,RT @ICNurses: ICN CEO @HowardCatton interviewed by @dwnews says #COVID19 #pandemic is increasing pressure on #healthcareworkforce pushing m‚Ä¶,0,15,en
42,Mon Jun 13 22:10:20 +0000 2022,ImagineThisSM,1536471055828668428,MY 6 STREAMS OF INCOME! *as a stay at home mom* | Ideas to make extra money! | streams of income from home |‚Ä¶ https://t.co/WscDxKLTEw,0,0,en
43,Tue Jun 14 05:00:29 +0000 2022,IridescentAshes,1536574274160496640,"RT @CellCellPress: Online now! Mild respiratory COVID can cause multi-lineage neural cell and myelin dysregulation
https://t.co/mdhRN4fH7U‚Ä¶",0,24,en
44,Tue Jun 14 04:46:04 +0000 2022,JBama30629972,1536570644409753601,RT @BarkisMister: @HHV6_University Note the title of this scientist‚Äôs white paper - he is OUTRIGHT SAYING THE GOVERNMENT IS OPENLY MURDERIN‚Ä¶,0,13,en
45,Tue Jun 14 04:27:04 +0000 2022,JamesNGrainger,1536565864069308417,"RT @USMortality: üî• BREAKING: üá®üá¶ Canadian government will finally drop the inhumane, unscientific and discriminatory vaccine mandate for dom‚Ä¶",0,27,en
46,Tue Jun 14 04:51:20 +0000 2022,JaneDunning35,1536571969335963649,"@devisridhar I read it, retweeted it and shared it on Facebook as I was grateful to receive some sort of update in‚Ä¶ https://t.co/zdO8SIzeBa",0,0,en
47,Tue Jun 14 04:59:18 +0000 2022,KillBrexitNow,1536573973928067073,RT @ELHopkins: We need an investigation into why UKHSA is allowing a virus that causes Liver and Brain injuries in children to circulate fr‚Ä¶,0,61,en
48,Tue Jun 14 04:47:44 +0000 2022,LMRFM21,1536571063752007680,"RT @gmanews: VP Leni Robredo meets  Ambassador of Sweden to the Philippines Annika Thunborg.

OVP says Robredo and Thunborg talked about Sw‚Ä¶",0,72,en
49,Tue Jun 14 04:46:38 +0000 2022,Laudieda2,1536570785552338945,RT @KashPrime: Wishful thinking will not magically make hard problems go away.  There are realistic things we can do now that preserve norm‚Ä¶,0,3,en
50,Tue Jun 14 04:44:32 +0000 2022,LovelydayTech,1536570258760278018,"RT @BeautySkinYourN: Strengths of #Sagittarius ‚Ä¢ Jen Psaki

Generous, idealistic, great sense of humor

Start your day w/ your daily #horos‚Ä¶",0,1,en
51,Mon Jun 06 20:38:41 +0000 2022,LukmanTuflow,1533911276115607558,"Dear money üí∞ I no follow them call you root of evil,  please be friendly no social distance between us.
#Tinubu #Social Security",0,0,en
52,Tue Jun 14 04:09:08 +0000 2022,MGyvenimui,1536561350901497859,@MarkedByCovid @long_covid @LongCovidSOS @LongCovidKids @edsuom @flo_mask pls look at Flo Mask üò∑ 4 ur kids  .. foun‚Ä¶ https://t.co/tHxrRucRKd,0,0,en
53,Tue Jun 14 04:48:32 +0000 2022,MartyDNelson,1536571264927576064,"RT @MikeDonio: Today is June 13, 2022 and there still is no evidence that viruses exist!

#Truth #TruthWins #MondayMotivation #Mondayvibes‚Ä¶",0,6,en
54,Tue Jun 14 04:46:41 +0000 2022,Mary_____W,1536570800873930752,"RT @tamalama67: @WestcoastBCLife ""But sometimes it is required to go the extra mile.""  Will be the new mantra imposed on the working class‚Ä¶",0,4,en
55,Tue Jun 14 04:49:06 +0000 2022,Maureen78581111,1536571406800109569,"RT @swan_anthony: Day 8, still positive and still feeling awful. My breathing is horrendous. For someone who has got a very high level of f‚Ä¶",0,1,en
56,Tue Jun 14 04:43:17 +0000 2022,MicrobesInfect,1536569946393616384,"RT @CellCellPress: Online now! Mild respiratory COVID can cause multi-lineage neural cell and myelin dysregulation
https://t.co/mdhRN4fH7U‚Ä¶",0,21,en
57,Tue Jun 14 05:00:32 +0000 2022,MicrobesInfo,1536574285791256577,"#Patients in #hospital due to #COVID-19 #coronavirus increasing in #Ireland ... 

| #COVID19 | #infection |‚Ä¶ https://t.co/59bnt1dlhj",0,0,en
58,Tue Jun 14 04:31:10 +0000 2022,NOFEAR_EU,1536566896807510016,"RT @DCNAustria: An important project: ""Who cares PSS"" deals with the fact that helpers still feel the psychological effects of the COVID-19‚Ä¶",0,3,en
59,Tue Jun 14 05:00:20 +0000 2022,NalakaG,1536574235820576768,"Other than #COVID19 #pandemic (which too was mishandled by #lka's failed prez #Gota), other three üëácreated or aggra‚Ä¶ https://t.co/Ivm93BJ3Jg",0,0,en
60,Tue Jun 14 04:13:28 +0000 2022,NathanGameday,1536562440518963201,RT @Kevin_C257: Thank you for the invite to the A&amp;M Commerce camp. I had a great time. Demoing my man coverage with this pick.  #lockdown #‚Ä¶,0,4,en
61,Tue Jun 14 04:53:46 +0000 2022,NewsMedical,1536572582560149505,@RS_COVID19 The severity of COVID-19 compared to seasonal influenza https://t.co/BzXWaZNm9a #Influenza #Coronavirus‚Ä¶ https://t.co/ZHtEHTYvqL,0,0,en
62,Tue Jun 14 04:53:13 +0000 2022,NewsMedical,1536572445255245825,The severity of COVID-19 compared to seasonal influenza https://t.co/BzXWaZMOjC #Influenza #Coronavirus #Disease‚Ä¶ https://t.co/vmTMEKBPbK,0,0,en
63,Tue Jun 14 04:56:46 +0000 2022,Oldboatie,1536573337878536193,RT @AlisonGeorge10: @danielgoyal @DRTomlinsonEP @Oldboatie @NHSEngland @sajidjavid @DHSCgovuk @CNagpaul I didn‚Äôt imagine this would be the‚Ä¶,0,9,en
64,Tue Jun 14 04:51:22 +0000 2022,PHLNewsInsider,1536571977950826496,"RT @gmanews: The leader of India's main opposition party, Sonia Gandhi, has been admitted to hospital in New Delhi with health issues relat‚Ä¶",0,2,en
65,Tue Jun 14 04:53:12 +0000 2022,PHLNewsInsider,1536572438300925953,RT @cnnphilippines: Canadian Prime Minister Justin Trudeau tweeted Monday he has tested positive again for the virus that causes COVID-19.‚Ä¶,0,1,en
66,Tue Jun 14 04:51:21 +0000 2022,Papamicha007,1536571973349810176,#lockdown ahead in #China again? #WatchOut #ItsNotOverTilItsOver #COVID19 https://t.co/pCH1ZkpLX9,0,0,en
67,Tue Jun 14 05:00:30 +0000 2022,Peterj_Again,1536574276568236032,"RT @DreaHumphrey: NEW: Another lawsuit against Dr. Bonnie Henry‚Äôs COVID-19 mandates. This time a surgeon, psychiatrist, &amp; a nurse are suing‚Ä¶",0,450,en
68,Tue Jun 14 04:54:44 +0000 2022,Prabhu_DS,1536572824084570112,"Things not to do during #Coronavirus #Lockdown 
Coronavirus is going crazy in the world as we all know. During this‚Ä¶ https://t.co/MAFfiI2Yj7",0,0,en
69,Tue Jun 14 04:50:57 +0000 2022,PublicHealthBot,1536571874838200321,RT @njoyflyfishing: Daily Covid Deaths per 1K Population by County For TN   2022-06-09:  Latest Covid Insights by Our Analytics Team using‚Ä¶,0,1,en
70,Tue Jun 14 04:50:45 +0000 2022,PublicHealthBot,1536571822765924355,RT @njoyflyfishing: Daily Covid Deaths per 1K Population by County For SD   2022-06-09:  Latest Covid Insights by Our Analytics Team using‚Ä¶,0,1,en
71,Tue Jun 14 05:00:21 +0000 2022,RIGHTtoCONSENT,1536574240635224064,"RT @EricTopol: ""We estimated that a single-payer universal healthcare system would have saved 212,000 lives in 2020 alone. We also calculat‚Ä¶",0,1649,en
72,Wed Jun 08 10:11:44 +0000 2022,RMContradiction,1534478274218409984,"@ChristinaBerndt @c_drosten @SZ #Masks never helped in this instance! #Lockdowns never helped, we‚Äôre not in prison.‚Ä¶ https://t.co/wZb47YYZtU",0,0,en
73,Tue Jun 14 04:53:09 +0000 2022,ROBTrivandrum,1536572429295919111,"RT @swachhbharat: The #LargestVaccineDrive is on in India. Understand your responsibility and immune yourself against #COVID-19.

#IndiaFig‚Ä¶",0,1,en
74,Tue Jun 14 04:41:36 +0000 2022,RealAmericanZoo,1536569521556922369,For a person who worked for a president who failed on every level to control a #pandemic that helped crash an‚Ä¶ https://t.co/pgUO9EQ0uZ,0,0,en
75,Tue Jun 14 04:46:51 +0000 2022,ReparSandra,1536570841508597762,"RT @UHRainbowBabies: If a mother tests positive for COVID-19, is it still safe to breast feed? Here‚Äôs what the research shows and the CDC-r‚Ä¶",0,15,en
76,Tue Jun 14 04:59:19 +0000 2022,RobinMulvihill1,1536573977602232322,RT @HansardSociety: Even those NIP Bill powers that are subject to the affirmative scrutiny procedure can be used to make law that needs on‚Ä¶,0,10,en
77,Tue Jun 14 04:52:27 +0000 2022,RockySoibam,1536572250593579008,"RT @JatinPaul: .#CoronaVirusUpdate #CoronavirusPandemic 614 new #COVID cases, 495 recoveries, ZERO deaths, 8,700 tests, ADDITION of 119 act‚Ä¶",0,5,en
78,Tue Jun 14 04:47:35 +0000 2022,SABreakingNews,1536571027307700224,https://t.co/9pa0sT9eGz | Western Cape schools to be used as Covid-19 vaccination sites for pupils: Western Cape sc‚Ä¶ https://t.co/1VvLraczRy,0,0,en
79,Tue Jun 14 04:45:51 +0000 2022,SailWozniak,1536570588956852224,"RT @tylerblack32: Covid Epidemiology
=-=-=-=-=-=-=-=-=

Did my homework! I went back into the CDC archives to plot death rates (and rate ch‚Ä¶",0,291,en
80,Tue Jun 14 04:01:04 +0000 2022,Seller9991,1536559319575015425,"RT @atqzahmd: Please ping me personally üôèüôè
#coronavirus #covid #corona #stayhome #quarantine #lockdown #staysafe #love #socialdistancing #p‚Ä¶",0,18,en
81,Tue Jun 14 04:56:50 +0000 2022,Shai_eb87,1536573352759943168,"RT @CellCellPress: Online now! Mild respiratory COVID can cause multi-lineage neural cell and myelin dysregulation
https://t.co/mdhRN4fH7U‚Ä¶",0,24,en
82,Tue Jun 14 04:37:22 +0000 2022,ShezalD,1536568456539099139,RT @N_Hiranandani: post #COVID #pandemic people are skewed towards #HealthyLiving #wellness &amp; retreat gained traction amongst #homeowners t‚Ä¶,0,7,en
83,Tue Jun 14 04:17:28 +0000 2022,ShingetsuNews,1536563449316392962,"Two and a half years into the Covid pandemic, the government has finally decided to set up a new agency vaguely mod‚Ä¶ https://t.co/V7C117qN1z",1,0,en
84,Tue Jun 14 04:58:45 +0000 2022,ShirleyTango,1536573837353025536,"I see a Vegas trip in the future üîÆ

#birthdaygirl #birthdaymonth #50again #trip #firstconcertafter #covid_19‚Ä¶ https://t.co/lAk9jDrh7x",0,0,en
85,Tue Jun 14 04:39:45 +0000 2022,ShycocanCorp,1536569054622023680,It‚Äôs time to take an extra protective step to protect your home from the transmission of viruses such as‚Ä¶ https://t.co/rwokGvx7Vv,3,0,en
86,Tue Jun 14 04:46:45 +0000 2022,SionnaWasHere,1536570816757907456,"RT @EricTopol: ""We estimated that a single-payer universal healthcare system would have saved 212,000 lives in 2020 alone. We also calculat‚Ä¶",0,1617,en
87,Tue Jun 14 04:57:02 +0000 2022,SocialDesignCr1,1536573402970046464,"RT @AiTaiwan1: The issue of COVID vaccine injury is not only not being addressed. It's being ignored, hidden.  FLCCC release I-Recover  to‚Ä¶",0,2,en
88,Tue Jun 14 04:45:19 +0000 2022,Soos808,1536570455401803776,Finally picked up my RX from Walgreens today that was ‚ÄúTemporarily Closed‚Äù last week probably because of #COVID I t‚Ä¶ https://t.co/Kio6IfGvKr,0,0,en
89,Tue Jun 14 04:46:27 +0000 2022,SteppinOutRadio,1536570740069347328,"Born in Europe, Reva‚Äôs childhood was an unhappy one, and depression set in so badly she tried taking her own life a‚Ä¶ https://t.co/bDdiDnVMPW",0,0,en
90,Tue Jun 14 04:50:20 +0000 2022,TheBeerJunkie,1536571718365368320,"RT @ndtv: ""#RahulGandhi raised his voice on the China conflict at our borders, he stood by migrant labourers during the #Covid lockdown...‚Ä¶",0,13,en
91,Tue Jun 14 04:49:08 +0000 2022,TheHansIndiaWeb,1536571417076322308,Pfizer Covid vaccine effective for kids under 5: US FDA #InternationalNews #FDA #Covid-19 #COVIDvaccine #Pfizer-Bio‚Ä¶ https://t.co/NMZVVWW6Wy,0,0,en
92,Tue Jun 14 04:51:14 +0000 2022,TheScaleTippr,1536571945856147456,"RT @DreaHumphrey: NEW: Another lawsuit against Dr. Bonnie Henry‚Äôs COVID-19 mandates. This time a surgeon, psychiatrist, &amp; a nurse are suing‚Ä¶",0,445,en
93,Mon Jun 13 18:13:31 +0000 2022,TravelNatura,1536411459709988864,"RT @TravelNatura: https://t.co/HfpwhEv0mN

Click the above-mentioned link.....üëÜ

#beautytips #traveling #dietplan #bridal #drinkchamps #lov‚Ä¶",0,2,en
94,Mon Jun 13 18:14:07 +0000 2022,TravelNatura,1536411610537160704,"RT @TravelNatura: https://t.co/4qt2EiroGp

Click the above-mentioned link.....üëÜ

#beautytips #traveling #dietplan #bridal #drinkchamps #lov‚Ä¶",0,1,en
95,Mon Jun 13 18:13:20 +0000 2022,TravelNatura,1536411411878146048,"RT @TravelNatura: https://t.co/N345bUF62w

Click the above-mentioned link.....üëÜ

#beautytips #traveling #dietplan #bridal #drinkchamps #lov‚Ä¶",0,2,en
96,Mon Jun 13 18:12:12 +0000 2022,TravelNatura,1536411125340073984,"RT @TravelNatura: https://t.co/4qt2EiroGp

Click the above-mentioned link.....üëÜ

#beautytips #traveling #dietplan #bridal #drinkchamps #lov‚Ä¶",0,1,en
97,Mon Jun 13 18:12:10 +0000 2022,TravelNatura,1536411117412847616,"RT @TravelNatura: https://t.co/LDu1vSpeBa

Click the above-mentioned link.....üëÜ

#beautytips #traveling #dietplan #bridal #drinkchamps #lov‚Ä¶",0,1,en
98,Mon Jun 13 18:12:08 +0000 2022,TravelNatura,1536411110546735104,"RT @TravelNatura: https://t.co/VtlMa2Eb3D

Click the above-mentioned link.....üëÜ

#beautytips #traveling #dietplan #bridal #drinkchamps #lov‚Ä¶",0,1,en
99,Mon Jun 13 18:14:03 +0000 2022,TravelNatura,1536411594577813504,"RT @TravelNatura: https://t.co/VtlMa2Eb3D

Click the above-mentioned link.....üëÜ

#beautytips #traveling #dietplan #bridal #drinkchamps #lov‚Ä¶",0,1,en
100,Mon Jun 13 18:14:06 +0000 2022,TravelNatura,1536411603469766656,"RT @TravelNatura: https://t.co/LDu1vSpeBa

Click the above-mentioned link.....üëÜ

#beautytips #traveling #dietplan #bridal #drinkchamps #lov‚Ä¶",0,1,en
101,Mon Jun 13 18:13:33 +0000 2022,TravelNatura,1536411466576035840,"RT @TravelNatura: https://t.co/gkOQsh4G4C

Click the above-mentioned link.....üëÜ

#beautytips #traveling #dietplan #bridal #drinkchamps #lov‚Ä¶",0,2,en
102,Tue Jun 14 05:00:28 +0000 2022,USelaine,1536574268409950209,"RT @sfchronicle: Dr. Bob Wachter, UCSF‚Äôs chair of medicine, says his wife, Katie Hafner, is doing ‚Äúnot great‚Äù weeks after getting COVID-19‚Ä¶",0,3,en
103,Tue Jun 14 04:55:36 +0000 2022,WildtigressOz,1536573042062598145,"RT @duncan_james66: Time Square, New York
#covid #corona #London #India https://t.co/0Lmnbmk0Ex",0,0,en
104,Tue Jun 14 04:47:05 +0000 2022,WomenEdBeLux,1536570902644760578,RT @NancyinLux1: THANK YOU! My apologies for the belated expression of my appreciation to all the educators who attended the finale #ISLLof‚Ä¶,0,3,en
105,Tue Jun 14 04:08:01 +0000 2022,WomensPowerCen,1536561070361518082,#COVID19Vaccination #COVID19 We arn‚Äôt fully safe with #coronavirus #vaccine as #virus changes itself. World needs w‚Ä¶ https://t.co/5XiBfiXfzN,0,0,en
106,Tue Jun 14 04:43:42 +0000 2022,Yeti_etAL,1536570050605461504,"RT @USMortality: üî• BREAKING: üá®üá¶ Canadian government will finally drop the inhumane, unscientific and discriminatory vaccine mandate for dom‚Ä¶",0,27,en
107,Tue Jun 14 04:50:00 +0000 2022,Zee24Kalak,1536571633527160833,"#India reports 6,594 #COVID19 cases, as active cases rise to 50,548. Daily positivity reduces to 2.05%.

#coronavirus #ZEE24Kalak",0,0,en
108,Tue Jun 14 04:52:37 +0000 2022,_UpliftingRush,1536572293492580352,"RT @chch_dan: What a HUGE difference 7 months makes ..... üôÑ

#covid19 #worldhealthorganization #who #covid #covidvaccines #covidvaccination‚Ä¶",0,183,en
109,Tue Jun 14 03:27:40 +0000 2022,alert_covid19,1536550914378674176,"COVID19(06/13/2022 23:27:36)=&gt;
Conf(v)(-266): 535,261,613
Deaths(&lt;-&gt;)(0): 6,309,439
%Died(&lt;-&gt;)(0): 1.18
#covid‚Ä¶ https://t.co/rjQuFXhivk",1,0,en
110,Tue Jun 14 04:49:04 +0000 2022,alwaysbgunning,1536571399619260416,RT @GregBernetic: @thekylefree This is why @JustinTrudeau  is playing #HideAndSeek.  The pressure is on and #TrudeauTheTyrant can't take th‚Ä¶,0,3,en
111,Tue Jun 14 04:47:37 +0000 2022,anaissaintjude,1536571033880186881,"RT @USMortality: üî• BREAKING: üá®üá¶ Canadian government will finally drop the inhumane, unscientific and discriminatory vaccine mandate for dom‚Ä¶",0,29,en
112,Tue Jun 14 05:00:22 +0000 2022,angelicaguirele,1536574243747467264,RT @zerohedge: China Flips Out After WHO Says Lab-Leak Theory Needs Further Study https://t.co/urw9MSqVfL,0,113,en
113,Tue Jun 14 04:47:45 +0000 2022,angelkittn,1536571067019448322,"RT @jeffgilchrist: COVID-19: Viral characteristics of BA.4/BA.5 &amp; BA.2.12.1

The newest Omicron variants BA.4 and BA.5 have been spreading‚Ä¶",0,1718,en
114,Tue Jun 14 04:28:00 +0000 2022,anu_pachauri,1536566100153888769,"RT @anu_pachauri: #covid19failure? 

1-Why were #Masks Sanitizers not made &amp; distributed before the Arrival of #Corona in the #India?

2-Wh‚Ä¶",0,2,en
115,Tue Jun 14 04:48:32 +0000 2022,arclight,1536571266655834113,"RT @CellCellPress: Online now! Mild respiratory COVID can cause multi-lineage neural cell and myelin dysregulation
https://t.co/mdhRN4fH7U‚Ä¶",0,22,en
116,Tue Jun 14 04:32:25 +0000 2022,ashfaqueismail,1536567208062889985,"In lighter vein, the new #corona variant has now went past the college level and is now coming with a graduate degr‚Ä¶ https://t.co/IKjTAoWVXp",0,0,en
117,Tue Jun 14 04:46:49 +0000 2022,baconanddonut,1536570835464605696,"RT @ArielCohen37: HHS @SecBecerra has tested positive for COVID-19 again, the agency just announced. Last time he tested positive was May 1‚Ä¶",0,245,en
118,Tue Jun 14 04:43:04 +0000 2022,banelmes2001,1536569889535709184,"RT @pdamerica: PDA's @DrBillH - #COVID &amp; #MedicareForAll Reality Check ‚Äì June 12, 2022 https://t.co/a81SJZqlHn",0,15,en
119,Tue Jun 14 04:57:53 +0000 2022,baumfran,1536573619198824448,Just over a week until next  Lancet Gender and Global Health in conversation series - I'm looking forward to chairi‚Ä¶ https://t.co/SMoSQAx6iP,0,0,en
120,Tue Jun 14 04:49:56 +0000 2022,bigtickHK,1536571619652804608,RT @ARkstormPrepper: Road To Nowhere: Pandemic Pandemonium (Senior Survival Book 3) by Ron Foster https://t.co/ldv2j2ELE4 via @amazon #pand‚Ä¶,0,1,en
121,Tue Jun 14 04:45:59 +0000 2022,bjwshepherd,1536570623555534848,"RT @Yash25571056: The current COVID-19 viruses are neurotropic.

Every infected person will probably experience a progressive weakness to a‚Ä¶",0,2035,en
122,Tue Jun 14 04:53:18 +0000 2022,bricolix,1536572463974342656,"RT @USMortality: üî• BREAKING: üá®üá¶ Canadian government will finally drop the inhumane, unscientific and discriminatory vaccine mandate for dom‚Ä¶",0,33,en
123,Tue Jun 14 04:50:41 +0000 2022,copd_2022,1536571806554783745,"#Melbourne, Researchers have decoded why people with #chronicobstructivepulmonary disease (COPD) are at higher risk‚Ä¶ https://t.co/HkVxNJqiTM",0,0,en
124,Tue Jun 14 04:44:28 +0000 2022,cprfirstaidaed,1536570241609879553,"@MeaghanBurden My friend, a sheriff for over 40 years, died from Covid, recently. He had both vaccinations, but not‚Ä¶ https://t.co/ISYnZBvs7J",0,0,en
125,Tue Jun 14 04:51:22 +0000 2022,crusty_dragon,1536571977149710336,"RT @mikesbloggity: .@RajanJSaw announced today that she wants to be the next UCP leader. If you‚Äôre unfamiliar with her, she cut income supp‚Ä¶",0,58,en
126,Mon Jun 06 11:38:19 +0000 2022,donnamariadavid,1533775290110857216,@_mbdr_ We #WearAMask #N95 and keep a #social distance,1,0,en
127,Sat Jun 11 16:07:36 +0000 2022,dsscreenprinted,1535654994883518466,Excited to share the latest addition to my #etsy shop: Keep Your Social Distance 6ft Social Distancing Virus Arrow‚Ä¶ https://t.co/DbdRzBTmcj,0,0,en
128,Tue Jun 14 04:47:45 +0000 2022,edeliahernande4,1536571069590560769,"RT @grantstern: Trump didn‚Äôt even have a one-part plan for fighting Covid-19, but he had a SEVEN-PART PLAN to overturn an election he knew‚Ä¶",0,11936,en
129,Tue Jun 14 04:46:06 +0000 2022,eduguiu,1536570654388113408,"RT @mdccclxx: Encephalitis
Hypoglycemia
Neuroleptic syndrome

In their very own briefing document, the crooked FDA acknowledge 245 US VAERS‚Ä¶",0,1,en
130,Tue Jun 14 04:47:41 +0000 2022,ellebeeZzz,1536571053094252544,"RT @mikesbloggity: .@RajanJSaw announced today that she wants to be the next UCP leader. If you‚Äôre unfamiliar with her, she cut income supp‚Ä¶",0,57,en
131,Tue Jun 14 04:45:56 +0000 2022,firstpost,1536570613027860481,"#India logged a single day rise of 6,594 new coronavirus infections taking the total tally of #COVID19 cases to 4,3‚Ä¶ https://t.co/EoV3LMx8Pg",0,0,en
132,Tue Jun 14 04:47:01 +0000 2022,gWoodi,1536570882876919808,#virus Gandhi gave #Satyagrah &amp; encyclopedia @ https://t.co/MLivsEwNCd made him stalwart who contributed to formati‚Ä¶ https://t.co/6Jy4VaXp9y,0,0,en
133,Tue Jun 14 04:34:54 +0000 2022,gibtsned7272,1536567833206857728,"RT @USMortality: üî• BREAKING: üá®üá¶ Canadian government will finally drop the inhumane, unscientific and discriminatory vaccine mandate for dom‚Ä¶",0,27,en
134,Tue Jun 14 04:53:20 +0000 2022,hippyniki,1536572474543853568,"RT @tylerblack32: Covid Epidemiology
=-=-=-=-=-=-=-=-=

Did my homework! I went back into the CDC archives to plot death rates (and rate ch‚Ä¶",0,304,en
135,Tue Jun 14 04:53:01 +0000 2022,india24x7livetv,1536572395196403712,"Follow @india24x7livetv 

#breakingnews #news #trendingnews #indianews #newsindia #latestnews #newsupdates‚Ä¶ https://t.co/ZgjQLyFfNL",0,0,en
136,Tue Jun 14 04:58:12 +0000 2022,jasonwang_md,1536573697384849408,RT @StanfordHP: SHP's Jason Wang looks at new technologies that should be embedded in the infrastructure of the nation's network of quarant‚Ä¶,0,0,en
137,Tue Jun 14 04:51:15 +0000 2022,jeguru1,1536571949064892416,Status update on Bay Area COVID-19¬†developments https://t.co/L9lDGdIFii,0,0,en
138,Tue Jun 14 04:44:20 +0000 2022,kashmircrownews,1536570210576048128,"INDIA; #COVID-19 UPDATE.
   #India reports 6,594 COVID19 cases, as active cases rise to 50,548. Daily positivity re‚Ä¶ https://t.co/YCI5vDP4IM",0,0,en
139,Tue Jun 14 04:41:57 +0000 2022,latestly,1536569609775902720,"India Reports 6,594 New COVID-19 Cases in Past 24 Hours, Active Cases Rise to 50,548 
@MoHFW_INDIA 
#India #COVID19‚Ä¶ https://t.co/snqyv6bW0c",0,0,en
140,Tue Jun 14 04:45:42 +0000 2022,liberaltrucker,1536570553854595077,RT @joshuamcclure: We‚Äôre headed into a record breaking #COVID-19 wave. Add the heat wave in Texas and the Southwest driving everyone to bre‚Ä¶,0,115,en
141,Fri Jun 10 06:45:52 +0000 2022,lubovkrasa11,1535151240170160129,"#Social network is the Internet, where you post information about yourself, you can post photos, messages, various‚Ä¶ https://t.co/POVlyrUy0B",0,0,en
142,Tue Jun 14 04:57:30 +0000 2022,luyombyajosep,1536573523380121601,RT @caryn_maroni: WOW!!  ‚Å¶@gingerchick64‚Å© You and your sister were sporting #THEBEST #GoFundMe 4 the ‚Å¶@metheridge‚Å© #BAND tee-shirts!!  How‚Ä¶,0,3,en
143,Tue Jun 14 04:41:39 +0000 2022,madewithUnreal,1536569535129698304,"RT @ceobakshi: Fight Corona VR https://t.co/nph73v2gGM Available 3. 
#ue4 #UnrealEngine #indiedev #gamer #IndieGameDev #indiegames #CHVR #C‚Ä¶",0,7,en
144,Tue Jun 14 05:00:23 +0000 2022,mailandguardian,1536574248835219456,"No Covid-19 apocalypse in Africa, as WHO expects a steep drop in fatalities - Countries on the continent responded‚Ä¶ https://t.co/nyVwtWiEao",0,0,en
145,Tue Jun 14 04:46:37 +0000 2022,mandatemasksus,1536570783862083584,"RT @MandateMasksNY: Thank you for speaking out Sarah Michelle Gellar!

""To quote a friend of mine - 'I will wear a mask in my shower if it‚Ä¶",0,1,en
146,Tue Jun 14 05:00:15 +0000 2022,marcingabrys,1536574215075291136,Trudeau isolating after testing positive for COVID-19 again https://t.co/7asYObRGBH,0,0,en
147,Tue Jun 14 04:44:37 +0000 2022,mckdeb4,1536570279186530304,RT @varen1: @acoyne When citing death counts it would be more credible if you did a death toll comparison from one year to the next as many‚Ä¶,0,1,en
148,Tue Jun 14 04:52:15 +0000 2022,milkrun,1536572202191134720,"RT @USMortality: üî• BREAKING: üá®üá¶ Canadian government will finally drop the inhumane, unscientific and discriminatory vaccine mandate for dom‚Ä¶",0,32,en
149,Tue Jun 14 04:39:18 +0000 2022,mino_musubi,1536568942663467008,"RT @ftfKcGSnUSyQf0k: „ÄêTwelve disciples„ÉªMs.KAWATA's testimony„Äë

The encounter with the RAPT blog has eliminated my anxieties and worries abo‚Ä¶",0,1,en
150,Tue Jun 14 04:51:18 +0000 2022,navnit1997,1536571962473926656,@cro_sk His leisure activity during covid 19,0,0,en
151,Tue Jun 14 04:45:57 +0000 2022,nikasoonshiong,1536570613896126464,All deputy training was paused during Covid-19 in order to ‚Äústop the spread.‚Äù https://t.co/bXLNFii6aJ,0,0,en
152,Tue Jun 14 04:50:47 +0000 2022,nikazhizhi,1536571832634966023,"RT @AiTaiwan1: The issue of COVID vaccine injury is not only not being addressed. It's being ignored, hidden.  FLCCC release I-Recover  to‚Ä¶",0,1,en
153,Tue Jun 14 04:21:07 +0000 2022,nikyak_buddy,1536564365666750464,"RT @USMortality: üî• BREAKING: üá®üá¶ Canadian government will finally drop the inhumane, unscientific and discriminatory vaccine mandate for dom‚Ä¶",0,27,en
154,Tue Jun 14 04:56:43 +0000 2022,nisconi,1536573325643698177,"our #Covid times 

‚Ä¶Round and Round we go, by Bruce Eric Kaplan https://t.co/V97tlsqGsv",0,0,en
155,Tue Jun 14 04:47:12 +0000 2022,njoyflyfishing,1536570931350364165,Daily Covid Deaths per 1K Population by County For TN   2022-06-09:  Latest Covid Insights by Our Analytics Team us‚Ä¶ https://t.co/H8S3TOWxt7,0,0,en
156,Tue Jun 14 04:50:49 +0000 2022,njoyflyfishing,1536571841040371712,Daily Covid Deaths per 1K Population by County For TX   2022-06-09:  Latest Covid Insights by Our Analytics Team us‚Ä¶ https://t.co/FZe6SICsij,0,0,en
157,Tue Jun 14 04:58:00 +0000 2022,njoyflyfishing,1536573648038789120,Daily Covid Deaths per 1K Population by County For VT   2022-06-09:  Latest Covid Insights by Our Analytics Team us‚Ä¶ https://t.co/8M2yX47cfj,0,0,en
158,Tue Jun 14 04:45:58 +0000 2022,nr12_nikrosic,1536570621496332290,"RT @DreaHumphrey: NEW: Another lawsuit against Dr. Bonnie Henry‚Äôs COVID-19 mandates. This time a surgeon, psychiatrist, &amp; a nurse are suing‚Ä¶",0,439,en
159,Tue Jun 14 03:32:16 +0000 2022,oldglory50,1536552074414022657,RT @Kevin_C257: Thank you for the invite to the A&amp;M Commerce camp. I had a great time. Demoing my man coverage with this pick.  #lockdown #‚Ä¶,0,4,en
160,Tue Jun 14 05:00:22 +0000 2022,oralhygiene2,1536574243403468801,"@Oral hygiene and health
We are cordially invite you to submit a manuscript in our journal for our upcoming special‚Ä¶ https://t.co/1hTnmrHdT0",0,0,en
161,Tue Jun 14 04:30:00 +0000 2022,orfecon,1536566601989890049,The fallout from lockdowns imposed on Shanghai and other cities has affected #China‚Äôs trade. Current export growth‚Ä¶ https://t.co/9BuBJEmPB4,0,0,en
162,Tue Jun 14 04:46:38 +0000 2022,orin_77,1536570788391923713,"RT @1_TMF_: #Bieber #Duped, #CovidCult! #Covid19Ab #CovidIsNotOver? #AbPoli #AbLeg #CndPoli #YEG #YCC  ALERT! #LongCovid=jab damage! 
#Abed‚Ä¶",0,2,en
163,Tue Jun 14 04:56:41 +0000 2022,orin_77,1536573317745885184,"RT @TheAngryCanucky: This hurts so much. Our #rifles gone. Fuck Trudeau. I don't give a fuck he has #covid, he shits on #Canadians.

#FJT #‚Ä¶",0,1,en
164,Tue Jun 14 04:47:41 +0000 2022,plungerman,1536571051374743553,"RT @EricTopol: ""We estimated that a single-payer universal healthcare system would have saved 212,000 lives in 2020 alone. We also calculat‚Ä¶",0,1618,en
165,Tue Jun 14 04:42:52 +0000 2022,priti9968,1536569840462200832,"RT @ndtv: ""#RahulGandhi raised his voice on the China conflict at our borders, he stood by migrant labourers during the #Covid lockdown...‚Ä¶",0,12,en
166,Tue Jun 14 04:53:18 +0000 2022,restlesscurator,1536572464892985344,RT @stephens_ben: @thetimes Anyone wanting to dunk on millennials for their economic situation should be required to read this article firs‚Ä¶,0,94,en
167,Tue Jun 14 04:52:47 +0000 2022,robotonym,1536572335003926529,"This is the ""Most Common"" Problem After Getting COVID, Says Expert

#covidvaccine #news #coronavirustips‚Ä¶ https://t.co/QYgMsSPhDu",0,0,en
168,Tue Jun 14 04:47:48 +0000 2022,sabrosxo,1536571081519026176,RT @zerohedge: China Flips Out After WHO Says Lab-Leak Theory Needs Further Study https://t.co/urw9MSqVfL,0,109,en
169,Tue Jun 14 04:10:47 +0000 2022,scarletmonahan,1536561764850098177,Alan Self isolation Day 20 Is Alan the antichrist. https://t.co/UzY9A7bmWB #Lockdown3 #lockdown #lockdownextension‚Ä¶ https://t.co/AP0balE9fE,0,1,en
170,Tue Jun 14 04:49:41 +0000 2022,scientificcutie,1536571555358068736,"RT @GeorgiParvanov4: @Kit_Yates_Maths @EndemicPrepared If anybody could ‚Äúfeel‚Äù #LongCOVID for an hour, they would wear N95‚Äôs for the rest o‚Ä¶",0,79,en
171,Tue Jun 14 04:47:28 +0000 2022,sonsofsatoshi,1536570997348114433,"RT @USMortality: üî• BREAKING: üá®üá¶ Canadian government will finally drop the inhumane, unscientific and discriminatory vaccine mandate for dom‚Ä¶",0,29,en
172,Tue Jun 14 04:47:34 +0000 2022,stardustnf,1536571022132092930,"RT @Yash25571056: The current COVID-19 viruses are neurotropic.

Every infected person will probably experience a progressive weakness to a‚Ä¶",0,2041,en
173,Tue Jun 14 04:53:14 +0000 2022,startupbdltdvc,1536572448430510080,"We are proud to announce that Moner Bondhu, a portfolio Startup of Startup Bangladesh Limited has won the champions‚Ä¶ https://t.co/mTK5koKu7T",0,0,en
174,Tue Jun 14 04:51:23 +0000 2022,summinkornuffin,1536571982589960192,"RT @USMortality: üî• BREAKING: üá®üá¶ Canadian government will finally drop the inhumane, unscientific and discriminatory vaccine mandate for dom‚Ä¶",0,31,en
175,Tue Jun 14 04:53:09 +0000 2022,temafrank,1536572427655782401,"RT @PopAlberta: Covid-19 continues to sicken and kill Albertans. Information and action needed: 
1. Release 4th dose for ages 18-70
@jkenne‚Ä¶",0,230,en
176,Tue Jun 14 04:58:27 +0000 2022,thenewsdrum,1536573762606276608,"#Covid19: Over 400 new COVID-19 cases in #Thane

https://t.co/rPhGRz0ghx #Maharashtra #COVID  #CovidIsNotOver‚Ä¶ https://t.co/shesVbi44P",0,0,en
177,Tue Jun 14 04:46:11 +0000 2022,thenewsdrum,1536570676009529344,"#Covid19: #India sees 6,594 new COVID-19 cases in 24 hours

https://t.co/8XNVcNJeoU #COVID  #CovidIsNotOver‚Ä¶ https://t.co/YZGE9BUDcz",0,0,en
178,Tue Jun 14 04:38:08 +0000 2022,thepixeldevs,1536568646872485891,"RT @ceobakshi: Fight Corona VR https://t.co/nph73v2gGM Available 3. 
#ue4 #UnrealEngine #indiedev #gamer #IndieGameDev #indiegames #CHVR #C‚Ä¶",0,7,en
179,Tue Jun 14 04:53:40 +0000 2022,tmsmTomoTomo,1536572559382044672,RT @TamaraMcCleary: #WomenInTech: The Key To Success Post-#Pandemic https://t.co/hXeEkG0XHw via @Forbes #Futureofwork #COVID19 https://t.co‚Ä¶,0,5,en
180,Tue Jun 14 04:46:03 +0000 2022,tradingqna,1536570639104241664,Volatility is back with a vengeance. Does this current downtrend in the market feel a bit like the early leg of 202‚Ä¶ https://t.co/R5tFUjHw6p,0,0,en
181,Tue Jun 14 05:00:23 +0000 2022,xatrax,1536574247077703681,"RT @RepDavids: Today, I tested positive for COVID-19. I'm going to follow CDC guidance and isolate at home for the next few days. 

I look‚Ä¶",0,63,en
